{"cameraMode":{"drawMode":0,"name":"Shaded","section":"Shading Mode"},"sceneLighting":false,"audioPlay":false,"sceneViewState":{"m_AlwaysRefresh":false,"showFog":true,"showSkybox":false,"showFlares":true,"showImageEffects":true,"showParticleSystems":true,"showVisualEffectGraphs":true,"m_FxEnabled":true},"in2DMode":false,"pivot":{"x":0.05687081068754196,"y":-0.9681262373924255,"z":-1.1881005764007569},"rotation":{"x":-0.12019367516040802,"y":-0.33100152015686037,"z":0.04244845733046532,"w":-0.935046374797821},"size":4.512507438659668,"orthographic":false}