{"cameraMode":{"drawMode":0,"name":"Shaded","section":"Shading Mode"},"sceneLighting":false,"audioPlay":false,"sceneViewState":{"m_AlwaysRefresh":false,"showFog":true,"showSkybox":false,"showFlares":true,"showImageEffects":true,"showParticleSystems":true,"showVisualEffectGraphs":true,"m_FxEnabled":true},"in2DMode":false,"pivot":{"x":5.960464477539063e-8,"y":0.3844848871231079,"z":-0.18261459469795228},"rotation":{"x":-0.15702089667320252,"y":-0.6725228428840637,"z":0.14930742979049684,"w":-0.7077341079711914},"size":1.0405142307281495,"orthographic":false}